-- phpMyAdmin SQL Dump
-- version 5.1.1
-- https://www.phpmyadmin.net/
--
-- Host: 127.0.0.1
-- Waktu pembuatan: 19 Nov 2022 pada 17.05
-- Versi server: 10.4.21-MariaDB
-- Versi PHP: 8.0.11

SET SQL_MODE = "NO_AUTO_VALUE_ON_ZERO";
START TRANSACTION;
SET time_zone = "+00:00";


/*!40101 SET @OLD_CHARACTER_SET_CLIENT=@@CHARACTER_SET_CLIENT */;
/*!40101 SET @OLD_CHARACTER_SET_RESULTS=@@CHARACTER_SET_RESULTS */;
/*!40101 SET @OLD_COLLATION_CONNECTION=@@COLLATION_CONNECTION */;
/*!40101 SET NAMES utf8mb4 */;

--
-- Database: `myhmsdb`
--

-- --------------------------------------------------------

--
-- Struktur dari tabel `admintb`
--

CREATE TABLE `admintb` (
  `username` varchar(50) NOT NULL,
  `password` varchar(30) NOT NULL
) ENGINE=InnoDB DEFAULT CHARSET=latin1;

--
-- Dumping data untuk tabel `admintb`
--

INSERT INTO `admintb` (`username`, `password`) VALUES
('admin', 'admin123');

-- --------------------------------------------------------

--
-- Struktur dari tabel `appointmenttb`
--

CREATE TABLE `appointmenttb` (
  `pid` int(11) NOT NULL,
  `ID` int(11) NOT NULL,
  `fname` varchar(20) NOT NULL,
  `lname` varchar(20) NOT NULL,
  `gender` varchar(10) NOT NULL,
  `email` varchar(30) NOT NULL,
  `contact` varchar(10) NOT NULL,
  `doctor` varchar(30) NOT NULL,
  `docFees` int(5) NOT NULL,
  `appdate` date NOT NULL,
  `apptime` time NOT NULL,
  `userStatus` int(5) NOT NULL,
  `doctorStatus` int(5) NOT NULL
) ENGINE=InnoDB DEFAULT CHARSET=latin1;

--
-- Dumping data untuk tabel `appointmenttb`
--

INSERT INTO `appointmenttb` (`pid`, `ID`, `fname`, `lname`, `gender`, `email`, `contact`, `doctor`, `docFees`, `appdate`, `apptime`, `userStatus`, `doctorStatus`) VALUES
(4, 1, 'jojo', 'sinta', 'Male', 'jojo@gmail.com', '8838489464', 'Ganesh', 550, '2020-02-14', '10:00:00', 1, 0),
(4, 2, 'messi', 'hidayat', 'Male', 'messihidayat@gmail.com', '8838489464', 'Dinesh', 700, '2020-02-28', '10:00:00', 0, 1),
(4, 3, 'ronaldo', 'marno', 'Male', 'ronaldomarno7@gmail.com', '8838489464', 'Amit', 1000, '2020-02-19', '03:00:00', 0, 1),
(11, 4, 'kevin', 'dopeng', 'Female', 'kevindop11@gmail.com', '9768946252', 'ashok', 500, '2020-02-29', '20:00:00', 1, 1),
(4, 5, 'sumarno', 'mahmud', 'Male', 'marno00@gmail.com', '8838489464', 'Dinesh', 700, '2020-02-28', '12:00:00', 1, 1),
(4, 6, 'kiswan', 'dono', 'Male', 'kiswanto76@gmail.com', '8838489464', 'Ganesh', 550, '2020-02-26', '15:00:00', 0, 1),
(2, 8, 'tono', 'kabir', 'Female', 'tono34@gmail.com', '8976897689', 'Ganesh', 550, '2020-03-21', '10:00:00', 1, 1),
(5, 9, 'toni', 'asgar', 'Male', 'toni35@gmail.com', '9070897653', 'Ganesh', 550, '2020-03-19', '20:00:00', 1, 0),
(4, 10, 'paul', 'udin', 'Male', 'pauludin99@gmail.com', '8838489464', 'Ganesh', 550, '0000-00-00', '14:00:00', 1, 0),
(4, 11, 'kartono', 'jamal', 'Male', 'karto33@gmail.com', '8838489464', 'Dinesh', 700, '2020-03-27', '15:00:00', 1, 1),
(9, 12, 'katanom', 'jamal', 'Male', 'kartanom20@gmail.com', '8683619153', 'Kumar', 800, '2020-03-26', '12:00:00', 1, 1),
(9, 13, 'kartotuying', 'jamal', 'Male', 'kartotuying12@gmail.com', '8683619153', 'Tiwary', 450, '2020-03-26', '14:00:00', 1, 1);

-- --------------------------------------------------------

--
-- Struktur dari tabel `contact`
--

CREATE TABLE `contact` (
  `name` varchar(30) NOT NULL,
  `email` text NOT NULL,
  `contact` varchar(10) NOT NULL,
  `message` varchar(200) NOT NULL
) ENGINE=InnoDB DEFAULT CHARSET=latin1;

--
-- Dumping data untuk tabel `contact`
--

INSERT INTO `contact` (`name`, `email`, `contact`, `message`) VALUES
('Anu', 'anu@gmail.com', '7896677554', 'Hey Admin'),
(' Viki', 'viki@gmail.com', '9899778865', 'Good Job, Pal'),
('Ananya', 'ananya@gmail.com', '9997888879', 'How can I reach you?'),
('Aakash', 'aakash@gmail.com', '8788979967', 'Love your site'),
('Mani', 'mani@gmail.com', '8977768978', 'Want some coffee?'),
('Karthick', 'karthi@gmail.com', '9898989898', 'Good service'),
('Abbis', 'abbis@gmail.com', '8979776868', 'Love your service'),
('Asiq', 'asiq@gmail.com', '9087897564', 'Love your service. Thank you!'),
('Jane', 'jane@gmail.com', '7869869757', 'I love your service!');

-- --------------------------------------------------------

--
-- Struktur dari tabel `doctb`
--

CREATE TABLE `doctb` (
  `username` varchar(50) NOT NULL,
  `password` varchar(50) NOT NULL,
  `email` varchar(50) NOT NULL,
  `spec` varchar(50) NOT NULL,
  `docFees` int(10) NOT NULL
) ENGINE=InnoDB DEFAULT CHARSET=latin1;

--
-- Dumping data untuk tabel `doctb`
--

INSERT INTO `doctb` (`username`, `password`, `email`, `spec`, `docFees`) VALUES
('ashok', 'ashok123', 'ashok@gmail.com', 'General', 500),
('arun', 'arun123', 'arun@gmail.com', 'Cardiologist', 600),
('Dinesh', 'dinesh123', 'dinesh@gmail.com', 'General', 700),
('Ganesh', 'ganesh123', 'ganesh@gmail.com', 'Pediatrician', 550),
('Kumar', 'kumar123', 'kumar@gmail.com', 'Pediatrician', 800),
('Amit', 'amit123', 'amit@gmail.com', 'Cardiologist', 1000),
('Abbis', 'abbis123', 'abbis@gmail.com', 'Neurologist', 1500),
('Tiwary', 'tiwary123', 'tiwary@gmail.com', 'Pediatrician', 450);

-- --------------------------------------------------------

--
-- Struktur dari tabel `patreg`
--

CREATE TABLE `patreg` (
  `pid` int(11) NOT NULL,
  `fname` varchar(20) NOT NULL,
  `lname` varchar(20) NOT NULL,
  `gender` varchar(10) NOT NULL,
  `email` varchar(30) NOT NULL,
  `contact` varchar(10) NOT NULL,
  `password` varchar(30) NOT NULL,
  `cpassword` varchar(30) NOT NULL
) ENGINE=InnoDB DEFAULT CHARSET=latin1;

--
-- Dumping data untuk tabel `patreg`
--

INSERT INTO `patreg` (`pid`, `fname`, `lname`, `gender`, `email`, `contact`, `password`, `cpassword`) VALUES
(1, 'wowo', 'diego', 'Male', 'wowo@gmail.com', '9876543210', 'wowo123', 'wowo123'),
(2, 'yayan', 'suryana', 'male', 'yayan@gmail.com', '8976897689', 'yayan123', 'yayan123'),
(3, 'yazid', 'nur', 'Male', 'yazidnur@gmail.com', '8976898463', 'yazid123', 'yazid123'),
(4, 'stefani', 'alba', 'female', 'stefanialba@gmail.com', '8838489464', 'stefani123', 'stefani123'),
(5, 'popo', 'uhuy', 'Male', 'popouhuy@gmail.com', '9070897653', 'popo123', 'popo123'),
(6, 'upin', 'kosmos', 'Male', 'upin11@gmail.com', '9059986865', 'upin123', 'upin123'),
(7, 'ipin', 'kosmos', 'male', 'ipin22@gmail.com', '9128972454', 'ipin123', 'ipin123'),
(8, 'yani', 'nay', 'female', 'nayyann7@gmail.com', '9809879868', 'yani123', 'yani123'),
(9, 'William', 'Blake', 'Male', 'william@gmail.com', '8683619153', 'william123', 'william123'),
(10, 'Peter', 'parker', 'Male', 'peter@gmail.com', '9609362815', 'peter123', 'peter123'),
(11, 'billie', 'ngajuk', 'Female', 'billie@gmail.com', '9768946252', 'billie123', 'billie123');

-- --------------------------------------------------------

--
-- Struktur dari tabel `prestb`
--

CREATE TABLE `prestb` (
  `doctor` varchar(50) NOT NULL,
  `pid` int(11) NOT NULL,
  `ID` int(11) NOT NULL,
  `fname` varchar(50) NOT NULL,
  `lname` varchar(50) NOT NULL,
  `appdate` date NOT NULL,
  `apptime` time NOT NULL,
  `disease` varchar(250) NOT NULL,
  `allergy` varchar(250) NOT NULL,
  `prescription` varchar(1000) NOT NULL
) ENGINE=InnoDB DEFAULT CHARSET=latin1;

--
-- Dumping data untuk tabel `prestb`
--

INSERT INTO `prestb` (`doctor`, `pid`, `ID`, `fname`, `lname`, `appdate`, `apptime`, `disease`, `allergy`, `prescription`) VALUES
('Dinesh', 4, 11, 'Kishan', 'Lal', '2020-03-27', '15:00:00', 'Cough', 'Nothing', 'Just take a teaspoon of Benadryl every night'),
('Ganesh', 2, 8, 'Alia', 'Bhatt', '2020-03-21', '10:00:00', 'Severe Fever', 'Nothing', 'Take bed rest'),
('Kumar', 9, 12, 'William', 'Blake', '2020-03-26', '12:00:00', 'Sever fever', 'nothing', 'Paracetamol -> 1 every morning and night'),
('Tiwary', 9, 13, 'William', 'Blake', '2020-03-26', '14:00:00', 'Cough', 'Skin dryness', 'Intake fruits with more water content');

--
-- Indexes for dumped tables
--

--
-- Indeks untuk tabel `appointmenttb`
--
ALTER TABLE `appointmenttb`
  ADD PRIMARY KEY (`ID`);

--
-- Indeks untuk tabel `patreg`
--
ALTER TABLE `patreg`
  ADD PRIMARY KEY (`pid`);

--
-- AUTO_INCREMENT untuk tabel yang dibuang
--

--
-- AUTO_INCREMENT untuk tabel `appointmenttb`
--
ALTER TABLE `appointmenttb`
  MODIFY `ID` int(11) NOT NULL AUTO_INCREMENT, AUTO_INCREMENT=14;

--
-- AUTO_INCREMENT untuk tabel `patreg`
--
ALTER TABLE `patreg`
  MODIFY `pid` int(11) NOT NULL AUTO_INCREMENT, AUTO_INCREMENT=12;
COMMIT;

/*!40101 SET CHARACTER_SET_CLIENT=@OLD_CHARACTER_SET_CLIENT */;
/*!40101 SET CHARACTER_SET_RESULTS=@OLD_CHARACTER_SET_RESULTS */;
/*!40101 SET COLLATION_CONNECTION=@OLD_COLLATION_CONNECTION */;
